Year,Link,Author Keywords
2020,"https://www.scopus.com/inward/record.uri?eid=2-s2.0-85095447811&doi=10.1016%2fj.neuroscience.2020.09.038&partnerID=40&md5=228e96f18788ff1e734f4a8fa5a81488","age/ageing; error-related negativity; feedback-related negativity; sensorimotor adaptation"
2020,"https://www.scopus.com/inward/record.uri?eid=2-s2.0-85099244610&doi=10.1121%2f10.0002876&partnerID=40&md5=bff461d0aa96b29d5e2dc0a8d156e48a",
2020,"https://www.scopus.com/inward/record.uri?eid=2-s2.0-85080955689&doi=10.1038%2fs41598-020-60756-2&partnerID=40&md5=8a532ad07f2d857ab0a5a3e7d492250f",
2020,"https://www.scopus.com/inward/record.uri?eid=2-s2.0-85092750625&doi=10.1152%2fJN.00242.2020&partnerID=40&md5=3f613b11b45168ee54e0964f07f0acea","Error-based learning; Motor learning; Proprioception; Sensorimotor adaptation"
2020,"https://www.scopus.com/inward/record.uri?eid=2-s2.0-85088927939&doi=10.1016%2fj.bandl.2020.104840&partnerID=40&md5=acb94548cc2d2cad21aef6f3ea222811","Auditory feedback control; Auditory feedback perturbation; Formant perturbation; Motor learning; Premotor cortex; Sensorimotor adaptation; Speech production; tDCS"
2020,"https://www.scopus.com/inward/record.uri?eid=2-s2.0-85097006776&doi=10.1093%2fschbul%2fsbaa019&partnerID=40&md5=04005e5c7213a66a457ce47e35d045b0","Cerebellum; Motor adaptation; Prism adaptation; Schizophrenia"
2020,"https://www.scopus.com/inward/record.uri?eid=2-s2.0-85075728187&doi=10.1080%2f02701367.2019.1675852&partnerID=40&md5=1f34b15e8a720dba011a28904cf489ee","prism adaptation; procedural learning; Sensorimotor adaptation; strategic-based learning"
2020,"https://www.scopus.com/inward/record.uri?eid=2-s2.0-85083399395&doi=10.3758%2fs13423-020-01725-8&partnerID=40&md5=dffa98e90f77f3575098cb308560924e","Adaptation; Sensorimotor adaptation; Speech production; Visuomotor adaptation"
2020,"https://www.scopus.com/inward/record.uri?eid=2-s2.0-85081677002&doi=10.1016%2fj.neurobiolaging.2020.02.016&partnerID=40&md5=a8e3c4743012a4e7c3c5b9deef040f8c","Ageing; Cerebellum; Explicit memory; Medial temporal lobe; Motor control; Sensorimotor adaptation"
2020,"https://www.scopus.com/inward/record.uri?eid=2-s2.0-85079458128&doi=10.1007%2fs12311-020-01116-8&partnerID=40&md5=c6a64bdeeec2f544b53361c107d39e52","Cerebellar peduncles; Cerebellum; Diffusion MRI; Locomotor adaptation; Tractography; White matter"
2020,"https://www.scopus.com/inward/record.uri?eid=2-s2.0-85056187550&doi=10.1007%2fs00426-018-1110-8&partnerID=40&md5=f93628cc5957c52b237fcad16f0deabd",
2020,"https://www.scopus.com/inward/record.uri?eid=2-s2.0-85085119576&doi=10.1152%2fjn.00509.2019&partnerID=40&md5=a271ea87d0acde3da8a9d820adb6ecad","Cognition; Dual task; Human; Kinematics; Motor adaptation"
2020,"https://www.scopus.com/inward/record.uri?eid=2-s2.0-85079466703&doi=10.1111%2fpsyp.13545&partnerID=40&md5=9a77855e82dbd49512c7a4cdbc1568c8","anterior cruciate ligament; central nervous system; coordination; motion analysis; resting-state fMRI"
2020,"https://www.scopus.com/inward/record.uri?eid=2-s2.0-85084362476&doi=10.3389%2ffphys.2020.00377&partnerID=40&md5=e3be8da2799b1417ba6900a40ab4d8de","arm kinematics; double-step paradigm; microgravity; parabolic flight; pointing; reaching; sensorimotor adaptation; weightlessness"
2020,"https://www.scopus.com/inward/record.uri?eid=2-s2.0-85048795147&doi=10.1080%2f09602011.2018.1484374&partnerID=40&md5=b7058cbbf2220dbe3c3aeba88983765d","Prism adaptation; Rehabilitation; Sensorimotor adaptation; Spatial neglect; Straight ahead"
2020,"https://www.scopus.com/inward/record.uri?eid=2-s2.0-85083082144&doi=10.1523%2fJNEUROSCI.1506-19.2020&partnerID=40&md5=adc3634d8f3d12f187bb6974668e311a","Motor learning; Motor memories; Savings; Sensorimotor adaptation; Visuomotor rotation"
2020,"https://www.scopus.com/inward/record.uri?eid=2-s2.0-85084933422&doi=10.1152%2fjn.00718.2019&partnerID=40&md5=f5e2fd503aa36bfeb9b8405271ee9596","3D shape; Cue combination; Cue reweighting; Motor learning; Sensorimotor adaptation"
2020,"https://www.scopus.com/inward/record.uri?eid=2-s2.0-85083285713&doi=10.1152%2fjn.00687.2019&partnerID=40&md5=7e46cff34de04bfddac3deafe5431d9b","Adaptation; Generalization; Internal model; Locomotion; Reaching"
2020,"https://www.scopus.com/inward/record.uri?eid=2-s2.0-85082096316&doi=10.1523%2fJNEUROSCI.1862-19.2020&partnerID=40&md5=4cbe7f1ff69c5bdaaffed479c164e692","Beta-band oscillations; EEG; Explicit strategy; Implicit process; Motor learning; Reaching"
2020,"https://www.scopus.com/inward/record.uri?eid=2-s2.0-85082663387&doi=10.3389%2ffnins.2020.00174&partnerID=40&md5=2c0c4c86ef88f38a69f14bffea94509c","locomotion; motor learning; portable device; real-world; rehabilitation robotics"
2020,"https://www.scopus.com/inward/record.uri?eid=2-s2.0-85079346711&doi=10.1249%2fMSS.0000000000002170&partnerID=40&md5=dd87ebb199299927cf86c900ef2b8899","Ankle Sprain; Coupling Angle; Kinematics; Tibia; Variability; Vector Coding"
2020,"https://www.scopus.com/inward/record.uri?eid=2-s2.0-85080135155&doi=10.1121%2f10.0000672&partnerID=40&md5=6cc06b86c10c01e7c6792acc41e0f727",
2020,"https://www.scopus.com/inward/record.uri?eid=2-s2.0-85082654805&doi=10.1523%2fENEURO.0493-19.2020&partnerID=40&md5=eef13b99fc9f7a87ea4386604d1fe620","Electromyography; Feedback; Sensorimotor adaptation; Split-belt; Stroke"
2020,"https://www.scopus.com/inward/record.uri?eid=2-s2.0-85082560851&doi=10.1523%2fENEURO.0209-19.2020&partnerID=40&md5=72af759cb58346f0627036aeacdeef8f","Adaptation; Parietal; Sensorimotor adaptation; TMS; Visuomotor rotation"
2020,"https://www.scopus.com/inward/record.uri?eid=2-s2.0-85081944371&doi=10.1152%2fJN.00524.2019&partnerID=40&md5=a1b70fbaa1d7c363974a4f2a9c8a149b","Implicit learning; Motor behavior; Motor learning; Savings; Sensorimotor adaptation"
2020,"https://www.scopus.com/inward/record.uri?eid=2-s2.0-85077226519&doi=10.1152%2fjn.00080.2019&partnerID=40&md5=cead07b3c47f60cf2bf53fff99520fd8","Consistency; Explicit control; Implicit adaptation; Motor control; Sensorimotor learning"
2019,"https://www.scopus.com/inward/record.uri?eid=2-s2.0-85076091462&doi=10.1371%2fjournal.pone.0225925&partnerID=40&md5=2d52a12ff41e3391fe3fa91de910f8dc",
2019,"https://www.scopus.com/inward/record.uri?eid=2-s2.0-85072374587&doi=10.1038%2fs41598-019-49074-4&partnerID=40&md5=20429bdb089639bc9b01b2461fe1d0ea",
2019,"https://www.scopus.com/inward/record.uri?eid=2-s2.0-85070991780&doi=10.1007%2fs00221-019-05635-7&partnerID=40&md5=5ef8ba3da362b759309ec07c50b66fd2","Behavioral priming; Consolidation; Gait rehabilitation; Multiday motor learning; Sensorimotor adaptation; Walking"
2019,"https://www.scopus.com/inward/record.uri?eid=2-s2.0-85067793512&doi=10.1016%2fj.neuropsychologia.2019.107121&partnerID=40&md5=07459ffcb6f8257f038fd5b3f4be4319","Attention; EEG; ensory binding by action; Evoked potential; Sensorimotor adaptation; Temporal asynchrony; Temporal order judgment; Time-frequency analysis"
2019,"https://www.scopus.com/inward/record.uri?eid=2-s2.0-85065471799&doi=10.1016%2fj.humov.2019.04.013&partnerID=40&md5=202f6ac836135a95ff4d0befe0c600d3","Aftereffect; Gait rehabilitation; Locomotion; Motor adaptation; Step length symmetry; Visual feedback distortion"
2019,"https://www.scopus.com/inward/record.uri?eid=2-s2.0-85069536939&doi=10.3389%2ffnhum.2019.00207&partnerID=40&md5=78446e5e9ecc11cfca8c6fdb82d26cd4","Kinematics; Locomotion; Motor learning; Sensorimotor adaptation; Spatio-temporal; Split-belt"
2019,"https://www.scopus.com/inward/record.uri?eid=2-s2.0-85066026085&doi=10.1016%2fj.visres.2019.05.001&partnerID=40&md5=ebc690f63afa895123a01740b9cdafda","Inter-individual differences; Learning; Saccadic adaptation; Saccadic eye movements"
2019,"https://www.scopus.com/inward/record.uri?eid=2-s2.0-85065301823&doi=10.1007%2fs00221-019-05551-w&partnerID=40&md5=8f4d17b9949cc9a366b4810d10d7e1fe","Aging; Associative memory; Implicit memory; Sensorimotor adaptation; Spatial working memory"
2019,"https://www.scopus.com/inward/record.uri?eid=2-s2.0-85063425689&doi=10.1016%2fj.brs.2019.03.008&partnerID=40&md5=e6b65ed8085695818c8b9d4814f4b3ca","Individual differences; rMT; Sensorimotor learning; tDCS; TMS"
2019,"https://www.scopus.com/inward/record.uri?eid=2-s2.0-85047837681&doi=10.1016%2fj.humov.2018.05.014&partnerID=40&md5=90854cf4abc03e3d9fdefd43581db8fd","Generalization; Inter-manual; Model-based learning; Model-free learning; Savings; Use-dependent learning"
2019,"https://www.scopus.com/inward/record.uri?eid=2-s2.0-85066920167&doi=10.1152%2fjn.00814.2018&partnerID=40&md5=2f6ed5b7aa3001e05ad754234e051d4c","Eye fixation; Eye-hand coordination; Gaze behavior; Humans; Sensorimotor adaptation"
2019,"https://www.scopus.com/inward/record.uri?eid=2-s2.0-85065422535&doi=10.7554%2feLife.39882&partnerID=40&md5=4526316bb52c63144716434e180a4dff",
2019,"https://www.scopus.com/inward/record.uri?eid=2-s2.0-85065343267&doi=10.1044%2f2018_JSLHR-H-ASCC7-18-0124&partnerID=40&md5=7dbd5ff214dc6bd52b3a33ffc7a83163",
2019,"https://www.scopus.com/inward/record.uri?eid=2-s2.0-85064900301&doi=10.1152%2fjn.00794.2018&partnerID=40&md5=5c93b6d7e2ab849d72078461a2c70ef5","Human; Motor learning; Prediction error; Savings; Two-state model"
2019,"https://www.scopus.com/inward/record.uri?eid=2-s2.0-85065539198&doi=10.1523%2fENEURO.0358-18.2019&partnerID=40&md5=0eea4107676078443572854e854ee264","EMG; locomotion; motor learning; split-belt walking"
2019,"https://www.scopus.com/inward/record.uri?eid=2-s2.0-85063666085&doi=10.1371%2fjournal.pcbi.1006298&partnerID=40&md5=2976a83aeb180415dfb12294cfb2c8c8",
2019,"https://www.scopus.com/inward/record.uri?eid=2-s2.0-85069467791&doi=10.3389%2ffnhum.2019.00046&partnerID=40&md5=0f31e94e45fd6b6916e65ce6d7fa5b3b","Adaptation; Delay; Kalman filter; Multisensory integration; Noise; Temporal; Uncertainty"
2019,"https://www.scopus.com/inward/record.uri?eid=2-s2.0-85053816586&doi=10.1016%2fj.bbr.2018.09.016&partnerID=40&md5=946e451b49a39608f63d82d6d76a6ad2","Facial palsy; fMRI; Functional connectivity; Motor; Plasticity; Resting state; Somatosensory"
2019,"https://www.scopus.com/inward/record.uri?eid=2-s2.0-85077261060&doi=10.1167%2f19.14.26&partnerID=40&md5=538defc3a4762898e1d655a96479344a","Eye movements; Ideal-observer model; Memory; Saccade adaptation; Sensorimotor adaptation; Target selection; Visual perception"
2019,"https://www.scopus.com/inward/record.uri?eid=2-s2.0-85076400566&doi=10.1167%2f19.14.3&partnerID=40&md5=b186b0481c63d1f67f12ebeb1ad5284a","3D shape perception; Depth cue integration; Perception and action; Reach-to-grasp"
2019,"https://www.scopus.com/inward/record.uri?eid=2-s2.0-85071703976&doi=10.1371%2fjournal.pcbi.1006695&partnerID=40&md5=81f2459b99ba04ba77072a0f19fbfd76",
2019,"https://www.scopus.com/inward/record.uri?eid=2-s2.0-85068561598&doi=10.4085%2f1062-6050-450-17&partnerID=40&md5=96f603ada1c3943119ae2cc5d225398d","Coordination; Electroencephalography; Sensorimotor control; Treatment mechanisms"
2019,"https://www.scopus.com/inward/record.uri?eid=2-s2.0-85059648949&doi=10.1177%2f1545968318818902&partnerID=40&md5=eef1e1301b015dd31f3f30bf45ff3fdc","chronic ischemic stroke; functional connectivity; proprioceptive training; resting-state fMRI; robot-assisted rehabilitation"
2019,"https://www.scopus.com/inward/record.uri?eid=2-s2.0-85057878200&doi=10.1111%2fejn.14266&partnerID=40&md5=340f56aa47da8a172812406e7a0caa07","electroencephalography/event-related potentials; prism adaptation; sensorimotor adaptation; stroke; unilateral spatial neglect; visual attention"
2019,"https://www.scopus.com/inward/record.uri?eid=2-s2.0-85053080604&doi=10.1016%2fj.neuroimage.2018.09.013&partnerID=40&md5=34e0fa22f74668b7003fc0bbfd0b8636","Beta oscillations; EEG; Error-processing; Interlimb coordination; Sensorimotor adaptation"
2018,"https://www.scopus.com/inward/record.uri?eid=2-s2.0-85059034062&doi=10.3389%2ffnhum.2018.00510&partnerID=40&md5=80fe141d0f3b60ce74aae8903a152140","Apraxia of speech; Auditory perturbation; F0; Feedback; Formant frequency; Motor control; Pitch; Speech"
2018,"https://www.scopus.com/inward/record.uri?eid=2-s2.0-85056253425&doi=10.1097%2fWNR.0000000000001148&partnerID=40&md5=6ea72d027cf71b583cd2984ac6c4855c","corticospinal excitability; sensorimotor adaptation; transcranial magnetic stimulation; virtual reality"
2018,"https://www.scopus.com/inward/record.uri?eid=2-s2.0-85065956790&doi=10.1038%2fs42003-018-0021-y&partnerID=40&md5=53e504977a0b2f312730f31b298ee1e3",
2018,"https://www.scopus.com/inward/record.uri?eid=2-s2.0-85056344561&doi=10.1111%2fejn.14213&partnerID=40&md5=07c99c3dae0b7a92faa45c2fbc7dfc53","implicit learning; reward prediction errors; sensory prediction errors; task errors; visuomotor rotation"
2018,"https://www.scopus.com/inward/record.uri?eid=2-s2.0-85054748785&doi=10.1007%2fs00221-018-5388-y&partnerID=40&md5=fe8d46b33b3fe4f85c5fe04d604fc390","Directional selectivity; Executive functions; Modularity; Motor control; Sensorimotor adaptation"
2018,"https://www.scopus.com/inward/record.uri?eid=2-s2.0-85053924702&doi=10.1038%2fs41598-018-32689-4&partnerID=40&md5=1f5d66dc43679443a534637d0009627d",
2018,"https://www.scopus.com/inward/record.uri?eid=2-s2.0-85043246513&doi=10.1038%2fs41598-018-21545-0&partnerID=40&md5=a763c59d2156679d5a21af9487f9f0ed",
2018,"https://www.scopus.com/inward/record.uri?eid=2-s2.0-85041603637&doi=10.1016%2fj.bandl.2018.01.008&partnerID=40&md5=408f07ed6b8efd37368c671dd30a51f9","Auditory feedback; Auditory speech perception; EEG; Sensorimotor adaptation; Speech motor control; Speech-induced suppression"
2018,"https://www.scopus.com/inward/record.uri?eid=2-s2.0-85040811207&doi=10.1038%2fs41598-018-19751-x&partnerID=40&md5=550c976eda931e19d85ab4d0c6072eca",
2018,"https://www.scopus.com/inward/record.uri?eid=2-s2.0-85052959786&doi=10.1016%2fj.trf.2018.08.018&partnerID=40&md5=c2349e5b145ed44f08d91d16900590ee","Driver behavior; Motor learning; Perception-action; Perceptual-motor performance; Virtual environments"
2018,"https://www.scopus.com/inward/record.uri?eid=2-s2.0-85054777546&doi=10.1016%2fj.cub.2018.07.030&partnerID=40&md5=f32297d583a7bdf26542bf9a18b4e8e3","motor learning; prediction; sensorimotor adaptation; sentence production; speech"
2018,"https://www.scopus.com/inward/record.uri?eid=2-s2.0-85054436831&doi=10.1152%2fjn.00252.2018&partnerID=40&md5=45da05b0afc44a0bac8eef8228ac9bbc","Explicit learning; Locomotion; Motor learning; Strategic learning"
2018,"https://www.scopus.com/inward/record.uri?eid=2-s2.0-85048861686&doi=10.1016%2fj.neuroimage.2018.06.051&partnerID=40&md5=9e9cd3824484dbd0c60036eb34e6ce3c",
2018,"https://www.scopus.com/inward/record.uri?eid=2-s2.0-85029895863&doi=10.1080%2f00222895.2017.1371110&partnerID=40&md5=df73e96ac40bee4507cd2e490cdfbb9e","motor learning; savings; sensorimotor adaptation; visuospatial abilities"
2018,"https://www.scopus.com/inward/record.uri?eid=2-s2.0-85048593395&doi=10.1016%2fj.exger.2018.05.020&partnerID=40&md5=97c8e7d56e685d8d172efb385ce072da","Aging; Electroencephalography (EEG); Error-related negativity; Event related potential; Feedback-related negativity; Sensorimotor adaptation"
2018,"https://www.scopus.com/inward/record.uri?eid=2-s2.0-85049723791&doi=10.1016%2fj.cjtee.2018.02.005&partnerID=40&md5=0ebaa2345940884d494c84ff3ce2d46f","Mobility; Rehabilitation; Traumatic brain injury"
2018,"https://www.scopus.com/inward/record.uri?eid=2-s2.0-85049345576&doi=10.1016%2fj.visres.2018.06.006&partnerID=40&md5=3d6e6c30cc74db08c74266456229afe7","Adaptation; Eye movements; Sensorimotor adaptation; Vergence"
2018,"https://www.scopus.com/inward/record.uri?eid=2-s2.0-85047242545&doi=10.1007%2fs00221-018-5288-1&partnerID=40&md5=a494bc6f9c7cfef996a6bce27992e844","Ageing; Grasp adaptation; Haptics; Motor control"
2018,"https://www.scopus.com/inward/record.uri?eid=2-s2.0-85041114794&doi=10.1080%2f23273798.2017.1421317&partnerID=40&md5=6bcceafe8d4a44982e0840e4a9416d9c","Auditory feedback; sensorimotor adaptation; tone identification; tone production"
2018,"https://www.scopus.com/inward/record.uri?eid=2-s2.0-85046032238&doi=10.1007%2fs00221-018-5272-9&partnerID=40&md5=38d0e829b8acd3de747f288f2c675028","Auditory feedback; ERP; Pitch-shift stimulus; Sensorimotor adaptation; Voice motor control"
2018,"https://www.scopus.com/inward/record.uri?eid=2-s2.0-85056234081&doi=10.1016%2fj.psyneuen.2018.03.013&partnerID=40&md5=c27fb0d82a50ae74ddfbd182f228a1f2","Cerebellum; Cortisol; Eye movements; Learning; Saccadic adaptation; Stress"
2018,"https://www.scopus.com/inward/record.uri?eid=2-s2.0-85045885737&doi=10.1113%2fJP275881&partnerID=40&md5=c2d5f0c01af197b0ff3126bf8b98444a","chronic stroke; computational motor control; exercise priming; motor learning; rehabilitation; sensorimotor adaptation"
2018,"https://www.scopus.com/inward/record.uri?eid=2-s2.0-85045410541&doi=10.1152%2fjn.00197.2017&partnerID=40&md5=baa5b800580c31dc4b9f950e374bf0ae","Expectation maximization; Motor learning; Two-state model"
2018,"https://www.scopus.com/inward/record.uri?eid=2-s2.0-85038927260&doi=10.1002%2fhbm.23924&partnerID=40&md5=9076e9d67aa9633d69797223e98174a2","functional connectivity; gray matter volume; neural predictors; savings; sensorimotor adaptation"
2018,"https://www.scopus.com/inward/record.uri?eid=2-s2.0-85014281865&doi=10.1111%2fdesc.12521&partnerID=40&md5=eb04a557230f15150f7f63d542a97863",
2018,"https://www.scopus.com/inward/record.uri?eid=2-s2.0-85042002297&doi=10.1037%2fxhp0000440&partnerID=40&md5=cc74e5b35d28a334b042abc725bf63c0","Error decomposition; Explicit learning; Motor learning; Sensorimotor adaptation; Sensory prediction error"
2018,"https://www.scopus.com/inward/record.uri?eid=2-s2.0-85034423269&doi=10.1016%2fj.cortex.2017.10.019&partnerID=40&md5=9b6f53c13aa4b3ae748a081abb576a41","Auditory modulation; Event-related potentials; Speech planning; Stuttering"
2018,"https://www.scopus.com/inward/record.uri?eid=2-s2.0-85042621284&doi=10.1088%2f1741-2552%2faa87cf&partnerID=40&md5=a306e31ddfb4e6aa80a053c44ff99333","co-adaptation; electromyography (EMG); myoelectric control; sensorimotor adaptation; visuomotor rotation"
2018,"https://www.scopus.com/inward/record.uri?eid=2-s2.0-85041061927&doi=10.1371%2fjournal.pone.0191839&partnerID=40&md5=90f19ab0f9e48e7a10f910798e48952e",
2017,"https://www.scopus.com/inward/record.uri?eid=2-s2.0-85029657759&doi=10.1016%2fj.neuroimage.2017.09.026&partnerID=40&md5=ba482261a9f24e30ba595d918016874a","Computational modeling; EEG; Learning; Neural oscillations; Sensorimotor adaptation"
2017,"https://www.scopus.com/inward/record.uri?eid=2-s2.0-85019844109&doi=10.1038%2fs41598-017-02469-7&partnerID=40&md5=531e3245915e5f8a7d136ae837b77e3b",
2017,"https://www.scopus.com/inward/record.uri?eid=2-s2.0-85033489429&doi=10.1152%2fjn.00416.2017&partnerID=40&md5=8a6f4c2a896cd1baf5e662ba1bf9dcab","Arm reaching movement; Retention; Sensorimotor adaptation; Uncertainty; Visuomotor rotation"
2017,"https://www.scopus.com/inward/record.uri?eid=2-s2.0-85033362695&doi=10.1152%2fjn.00326.2016&partnerID=40&md5=26bf3db06caaa1c3f888c2eb86d087ae","Coordinate frames; Motor learning; Sensorimotor adaptation; Visuomotor gain; Visuomotor rotation"
2017,"https://www.scopus.com/inward/record.uri?eid=2-s2.0-85031808907&doi=10.3389%2ffphys.2017.00821&partnerID=40&md5=42fcbaf3a3227be7ac710b82cc08c619","Arm kinematics; Microgravity; Parabolic flight; Postural strategy; Sensorimotor adaptation; Weightlessness; Whole-body reaching"
2017,"https://www.scopus.com/inward/record.uri?eid=2-s2.0-85029492752&doi=10.1016%2fj.humov.2017.08.006&partnerID=40&md5=a24bee1bb622cbf8f8c07c2e8518d406","Interference; Intermanual transfer; Intermodal transfer; Motor learning; Sensorimotor adaptation"
2017,"https://www.scopus.com/inward/record.uri?eid=2-s2.0-85028992499&doi=10.1152%2fjn.00089.2017&partnerID=40&md5=1f1a6a59a4f06ab950712f8e644122e4","Motor control; Motor learning; Visual attention"
2017,"https://www.scopus.com/inward/record.uri?eid=2-s2.0-85028752998&doi=10.1152%2fjn.00451.2017&partnerID=40&md5=48354b4bda1903461427ebc5d5bb50a4","Aiming; Cerebellum; Explicit learning; Implicit learning; Motor learning; Visuomotor rotation"
2017,"https://www.scopus.com/inward/record.uri?eid=2-s2.0-85026676659&doi=10.1152%2fjn.00834.2016&partnerID=40&md5=ba04f5252f6432b50e0c32877e052199","Compensatory strategies; Explicit learning; Implicit learning; Motor learning; Visuomotor rotation"
2017,"https://www.scopus.com/inward/record.uri?eid=2-s2.0-85020264954&doi=10.1016%2fj.neuroscience.2017.05.029&partnerID=40&md5=c6eb5b739b863c1769b41fdef515aadb","center of pressure; motor learning; postural control; sensorimotor adaptation; visual feedback"
2017,"https://www.scopus.com/inward/record.uri?eid=2-s2.0-85023186561&doi=10.1186%2fs12984-017-0279-1&partnerID=40&md5=5f277664373874dca20b6ee16c65bc39","Adaptation; BANCOM; Genetic predictors; Genotype; Motor learning; SNP"
2017,"https://www.scopus.com/inward/record.uri?eid=2-s2.0-85022343038&doi=10.1152%2fjn.00974.2016&partnerID=40&md5=e2f4168053198a95cf0025e63a77f61d","Adaptation; Explicit learning; Generalization; Motor learning; Movement planning"
2017,"https://www.scopus.com/inward/record.uri?eid=2-s2.0-85022341545&doi=10.1371%2fjournal.pone.0179977&partnerID=40&md5=7b5cca10e39cfdf92f3a28308b21d7df",
2017,"https://www.scopus.com/inward/record.uri?eid=2-s2.0-85021730843&doi=10.1037%2fpne0000086&partnerID=40&md5=6b3045b75a530f05c08cf58428da6ed3","Moving room; Posture; Reweighting; Sensorimotor adaptation; Visual manipulation"
2017,"https://www.scopus.com/inward/record.uri?eid=2-s2.0-85018250583&doi=10.1162%2fjocn_a_01108&partnerID=40&md5=dd5bf598e6d1f2b53dee41c27070fa8e",
2017,"https://www.scopus.com/inward/record.uri?eid=2-s2.0-85011629766&doi=10.1016%2fj.jpsychires.2017.01.014&partnerID=40&md5=c3dd0f5bd1ecc223e74c4f7bb5512a3d","Cognition; Motor learning; Neuropsychology; Obsessive Compulsive Disorder (OCD); Over facilitation; Response inhibition"
2017,"https://www.scopus.com/inward/record.uri?eid=2-s2.0-84964324826&doi=10.1080%2f09297049.2016.1170797&partnerID=40&md5=ffef0c3b6e8d51db43c91632ccfa330c","Perceptuomotor adaptation; Procedural learning; Skill learning; Specific language impairment; Variability"
2017,"https://www.scopus.com/inward/record.uri?eid=2-s2.0-85013829975&doi=10.1016%2fj.neuroimage.2017.02.043&partnerID=40&md5=cc74acfd7630e8726b7d6f310cda1990","Arm movement; Electroencephalography; Event-related desynchronization; Proprioception; Sensory conflict; Vision"
2017,"https://www.scopus.com/inward/record.uri?eid=2-s2.0-85018266839&doi=10.3389%2ffnhum.2017.00161&partnerID=40&md5=7621d26dbff6aed3e2f762ecc9c41fc2","Altered auditory feedback; Categorical perception; EEG/ERP; Phonetics; Sensorimotor integration; Speech production and perception"
2017,"https://www.scopus.com/inward/record.uri?eid=2-s2.0-85017594433&doi=10.1121%2f1.4979791&partnerID=40&md5=2f02c869c0282ff0b553689071512a36",
2017,"https://www.scopus.com/inward/record.uri?eid=2-s2.0-85017019849&doi=10.1152%2fjn.00274.2016&partnerID=40&md5=0791112548e4ff8ae0006b1ccf413fee","Clinical applications; Implicit/explicit learning; Motor learning; Sensorimotor adaptation"
2017,"https://www.scopus.com/inward/record.uri?eid=2-s2.0-84979204275&doi=10.1007%2fs00406-016-0716-3&partnerID=40&md5=37b15c7c6cb1beb329969eccf64eaaa3","Amplitude variability; Efference copy; Prediction error; Saccades; Visual space perception; Visuo-manual transfer"
2017,"https://www.scopus.com/inward/record.uri?eid=2-s2.0-85021858431&doi=10.1093%2fcercor%2fbhv289&partnerID=40&md5=9ee90ab785e3725de8385dccfdf77ba1","Consolidation; Functional connectivity; Motor learning; Resting-state fMRI; Sensorimotor adaptation"
2017,"https://www.scopus.com/inward/record.uri?eid=2-s2.0-85007140154&doi=10.1016%2fj.actpsy.2016.12.009&partnerID=40&md5=fded3dbf916803339bfbfc12373787ca","Mild cognitive impairment (MCI); MoCA; Motor learning; Visuomotor adaptation"
2017,"https://www.scopus.com/inward/record.uri?eid=2-s2.0-84999036858&doi=10.1016%2fj.neuroimage.2016.11.009&partnerID=40&md5=e1445bc238d8897abba594c92019c787",
2017,"https://www.scopus.com/inward/record.uri?eid=2-s2.0-85010430230&doi=10.1152%2fjn.01141.2015&partnerID=40&md5=b25fcb13767e35ce223037bc640ae902","Adaptation; Implicit learning; Individual differences; Reliability; Sequence learning"
2017,"https://www.scopus.com/inward/record.uri?eid=2-s2.0-85010408646&doi=10.1152%2fjn.00563.2016&partnerID=40&md5=949c0fa09da1d062c82e958218c5b517","Adaptation; Dorsolateral prefrontal cortex; Relearning; Retention; Savings"
2016,"https://www.scopus.com/inward/record.uri?eid=2-s2.0-85023200417&doi=10.1038%2fs41526-016-0001-9&partnerID=40&md5=359a42356e79eaf9f55ef19c427e5410",
2016,"https://www.scopus.com/inward/record.uri?eid=2-s2.0-84981229172&doi=10.1007%2fs00221-016-4750-1&partnerID=40&md5=f10b86d522467ec49346750a5b4eccb4","Fall recovery; Induced trip; Rehabilitation; Timing uncertainty; Vibrotactile cuing"
2016,"https://www.scopus.com/inward/record.uri?eid=2-s2.0-84982231191&doi=10.1111%2fejn.13355&partnerID=40&md5=23209fa806d62e191db94a82e4ba95e1","retention; sensory realignment; training; visuomotor adaptation"
2016,"https://www.scopus.com/inward/record.uri?eid=2-s2.0-84976483519&doi=10.1016%2fj.neuroscience.2016.06.011&partnerID=40&md5=548b0a263209d5bbef51f5e1f3a9531c","observational learning; passive training; use dependency; visuomotor adaptation"
2016,"https://www.scopus.com/inward/record.uri?eid=2-s2.0-84984604654&doi=10.1152%2fjn.00830.2015&partnerID=40&md5=b4c2672cfa70eba12152fa304145e108","Generalization; Motor adaptation; Pong; Reaching"
2016,"https://www.scopus.com/inward/record.uri?eid=2-s2.0-84957682161&doi=10.1037%2fxhp0000196&partnerID=40&md5=894c8092438e43e3f1135f01f9acb850","Lexical adaptation; Perceptual learning; Perceptual recalibration; Sensorimotor adaptation; Speech adaptation"
2016,"https://www.scopus.com/inward/record.uri?eid=2-s2.0-84955578732&doi=10.1007%2fs00221-016-4559-y&partnerID=40&md5=f7a17299f6105098258e7968042947ac","Directional selectivity; Executive functions; Interference; Visuomotor adaptation"
2016,"https://www.scopus.com/inward/record.uri?eid=2-s2.0-84953407807&doi=10.1007%2fs00221-015-4542-z&partnerID=40&md5=c045cfc7c28d990109ef81450858039f","Emotion; Error-based learning; Motor learning; Reward-based learning; Sensorimotor adaptation"
2016,"https://www.scopus.com/inward/record.uri?eid=2-s2.0-84973345206&doi=10.3389%2ffnhum.2016.00227&partnerID=40&md5=3661d94a305226cfbbdbbfeb32b19747","Eye movements; Saccade adaptation; Saccadic suppression of displacement; Sensorimotor adaptation; Visual perception"
2016,"https://www.scopus.com/inward/record.uri?eid=2-s2.0-84967313781&doi=10.3389%2ffnhum.2016.00203&partnerID=40&md5=ef587509c8a4227a2a5aec8e4c3383a0","Adaptation; Asymptotic performance; Execution variability; Gait; Rehabilitation"
2016,"https://www.scopus.com/inward/record.uri?eid=2-s2.0-84962052997&doi=10.1016%2fj.cub.2016.02.030&partnerID=40&md5=4807b273fe9c11f3db8f38af9463d7c1",
2016,"https://www.scopus.com/inward/record.uri?eid=2-s2.0-84960859821&doi=10.1016%2fj.neuropsychologia.2016.02.021&partnerID=40&md5=8de952a7d705fb46424bd9d128a1c75d","Aging; BDNF; COMT; DRD2; Sequence learning; Visuomotor adaptation"
2016,"https://www.scopus.com/inward/record.uri?eid=2-s2.0-84955602846&doi=10.1016%2fj.humov.2016.01.011&partnerID=40&md5=5b53f2274b36264dded796d9d44d623b","Motor development; Prism adaptation; Procedural learning; Sensorimotor adaptation; Sensorimotor learning; Strategic-based learning"
2016,"https://www.scopus.com/inward/record.uri?eid=2-s2.0-84949844609&doi=10.1016%2fj.humov.2015.11.020&partnerID=40&md5=21cb2b7ce2c489db2f8dbf39696dade9","Age-dependence; Convergent thinking; Divergent thinking; Motor learning"
2016,"https://www.scopus.com/inward/record.uri?eid=2-s2.0-84984846309&doi=10.1152%2fjn.00639.2015&partnerID=40&md5=c66db1e9c7b87bee4d09a0fdbf53a56f","Electromyography; Feedforward and feedback control; Precision grasp; Sensorimotor adaptation; Tactile perception"
2016,"https://www.scopus.com/inward/record.uri?eid=2-s2.0-84984813329&doi=10.1152%2fjn.00066.2015&partnerID=40&md5=a82ebba570a0774e392a54f4c0c98f9d","Forward model; Internal model; Motor adaptation; Motor learning; Reinforcement learning"
2016,"https://www.scopus.com/inward/record.uri?eid=2-s2.0-84957812722&doi=10.1523%2fJNEUROSCI.3204-15.2016&partnerID=40&md5=0965bf69962efdef8b8713f6d0388db3","Bayesian integration; Estimation uncertainty; Internal models; Post-movement beta synchronization; Sensorimotor adaptation"
2016,"https://www.scopus.com/inward/record.uri?eid=2-s2.0-84961303517&doi=10.1016%2fj.visres.2015.12.005&partnerID=40&md5=1be03b03f560f604e8d682fe8d18a209","Coordinate system; Internal representation; Motor adaptation; Movement code; Movement encoding; Movement error; Plasticity"
2016,"https://www.scopus.com/inward/record.uri?eid=2-s2.0-84955659796&doi=10.1007%2fs10803-015-2588-1&partnerID=40&md5=3e2bcaa4070ee21ff473e7b3642810ff","Attention; Autism spectrum disorders; Biological motion kinematics; Imitation"
2016,"https://www.scopus.com/inward/record.uri?eid=2-s2.0-84955637735&doi=10.1007%2fs00221-015-4484-5&partnerID=40&md5=05bd8f45da28c301c1835cce9efc5d00","Biomechanics; Gait; Motor control; Motor learning; Sensory; Vibration; Virtual reality"
2016,"https://www.scopus.com/inward/record.uri?eid=2-s2.0-85048009712&doi=10.1038%2fnpjmgrav.2016.22&partnerID=40&md5=236d922a65517faef4321777996c3782",
2016,"https://www.scopus.com/inward/record.uri?eid=2-s2.0-84961135771&doi=10.1016%2fj.bbr.2015.08.036&partnerID=40&md5=d2864af32180dc00ea47db9938e3726b","Body representation; Homeostatic control; Prism adaptation; Skin temperature; Thermoregulation"
2015,"https://www.scopus.com/inward/record.uri?eid=2-s2.0-84953282342&doi=10.1371%2fjournal.pbio.1002312&partnerID=40&md5=4e4e929502212bf9fb52549f3b5f8b71",
2015,"https://www.scopus.com/inward/record.uri?eid=2-s2.0-84955621945&doi=10.1152%2fjn.00485.2015&partnerID=40&md5=a91a8f08c6bcf35995bb9c7a02933cf7","Coordinate frame; Interlimb transfer; Motor learning; Sensorimotor adaptation"
2015,"https://www.scopus.com/inward/record.uri?eid=2-s2.0-84947250382&doi=10.1152%2fjn.00749.2015&partnerID=40&md5=1107a63baf74c317eb5f6b63fec8460c","Cross-limb education; Intermanual transfer; Reaching arm movements; Sensorimotor adaptation"
2015,"https://www.scopus.com/inward/record.uri?eid=2-s2.0-84944909817&doi=10.1523%2fJNEUROSCI.1046-15.2015&partnerID=40&md5=0667f8f347395f86b78e31d4684f45b6","Adaptation; Motor learning; Reaching; Visuomotor"
2015,"https://www.scopus.com/inward/record.uri?eid=2-s2.0-84942550785&doi=10.1037%2fxhp0000085&partnerID=40&md5=06794bdc36437a8927a547503ca91517","Associative learning; Internal model; Interval production; Sensorimotor adaptation"
2015,"https://www.scopus.com/inward/record.uri?eid=2-s2.0-84937967752&doi=10.1007%2fs00421-015-3154-4&partnerID=40&md5=b155d8ab64c49de1e52430cab9bf8b37","Ankle; Error augmentation; Gait; Motor learning; Sensorimotor adaptation"
2015,"https://www.scopus.com/inward/record.uri?eid=2-s2.0-84937437832&doi=10.1152%2fjn.00298.2015&partnerID=40&md5=6062525fd5a387a2a7dd3231f1287917","Generalization; Instance-reliant learning; Intermanual; Model-based learning; Savings"
2015,"https://www.scopus.com/inward/record.uri?eid=2-s2.0-84928726950&doi=10.1371%2fjournal.pone.0123321&partnerID=40&md5=4bbd017cdbaf1d88b1ebf6cd0697f66a",
2015,"https://www.scopus.com/inward/record.uri?eid=2-s2.0-84928152620&doi=10.3389%2ffnsys.2015.00059&partnerID=40&md5=29e3c9241c227b63a1e95df576fcd893","Adaptation; Astronauts; Internal model; Sensorimotor; Sensory reweighting; Vestibular diseases; Vestibular nuclei; Vestibule"
2015,"https://www.scopus.com/inward/record.uri?eid=2-s2.0-84928106116&doi=10.3389%2ffnsys.2015.00055&partnerID=40&md5=75aaba7e4b10e250c8bb042c9dc3f8ce","Biomechanics; Control moment gyroscope; Countermeasures; Human spaceflight; Wearable electronics"
2015,"https://www.scopus.com/inward/record.uri?eid=2-s2.0-84982685022&doi=10.1152%2fjn.00483.2014&partnerID=40&md5=933c2ac017015406e6b7fcd0cf6bd59b","Asymmetry; Generalization pattern; Neural network model; Reach adaptation; Target jump"
2015,"https://www.scopus.com/inward/record.uri?eid=2-s2.0-84930828375&doi=10.1152%2fjn.00369.2014&partnerID=40&md5=b4664db361d2d97aa778cf2fc25b5353","Internal model of gravity; Motor planning; Sensorimotor adaptation; Visual vertical"
2015,"https://www.scopus.com/inward/record.uri?eid=2-s2.0-84922998611&doi=10.1016%2fj.neulet.2015.02.012&partnerID=40&md5=92855eae171df8074ee90b9135274cca","Feedback; Motor control; Motor learning; Sensorimotor adaptation; Speech production"
2015,"https://www.scopus.com/inward/record.uri?eid=2-s2.0-85038129808&doi=10.1615%2fCritRevBiomedEng.2016016520&partnerID=40&md5=2d49a7f899751a895d7c2c37363ebd4f",
2015,"https://www.scopus.com/inward/record.uri?eid=2-s2.0-84941800432&doi=10.1523%2fJNEUROSCI.1090-15.2015&partnerID=40&md5=6d0a560724d3ca8cc58f5ceb57b04387","Arm movements; EEG; Error processing; Force field; Sensorimotor adaptation; β -band oscillations"
2015,"https://www.scopus.com/inward/record.uri?eid=2-s2.0-84939527127&doi=10.1167%2fiovs.15-16605&partnerID=40&md5=a6688f3a5b97b5c946124076cb62bf63","Amblyopia; Anisometropia; Manual pointing; Prism adaptation; Sensorimotor integration"
2015,"https://www.scopus.com/inward/record.uri?eid=2-s2.0-84937419028&doi=10.1152%2fjn.00065.2015&partnerID=40&md5=e5cacb074e4035b584a9e49f847f46f8","Electromyography; Feed forward and feedback control; Motor control and learning; Precision grasp; Sensorimotor adaptation"
2015,"https://www.scopus.com/inward/record.uri?eid=2-s2.0-84936803331&doi=10.1093%2fcercor%2fbht428&partnerID=40&md5=0b9ade56e501246ecd7bf8a8a8153627","adaptation; cerebellum; fMRI; perceptual learning; supervised learning"
2015,"https://www.scopus.com/inward/record.uri?eid=2-s2.0-84925510374&doi=10.3758%2fs13414-014-0772-6&partnerID=40&md5=cea3c12f55b6c72e6bb3ea27fb1a5c57","Motor action; Sensorimotor adaptation; Sensory binding; Temporal order judgment; Vision"
2014,"https://www.scopus.com/inward/record.uri?eid=2-s2.0-84911396856&doi=10.1007%2fs12311-014-0594-z&partnerID=40&md5=3edd566b3d3dedbd1bfa575c17ce198b","Cerebellum; Dystonia; Sensorimotor adaptation"
2014,"https://www.scopus.com/inward/record.uri?eid=2-s2.0-84907588605&doi=10.1371%2fjournal.pone.0107834&partnerID=40&md5=4dd5c50602d0f8014a7bb30843f1b709",
2014,"https://www.scopus.com/inward/record.uri?eid=2-s2.0-84901701688&doi=10.1152%2fjn.00042.2014&partnerID=40&md5=bd9584daa19884757ae0a69474b74377","Coordinate frame; Interlimb transfer; Sensorimotor adaptation; Visuomotor rotation"
2014,"https://www.scopus.com/inward/record.uri?eid=2-s2.0-84898848755&doi=10.3389%2ffnhum.2014.00208&partnerID=40&md5=85b9a3f6b4df0aa7300100d6d06011da","Altered auditory feedback; Language processing; Lexical effect; Sensorimotor integration; Speech production"
2014,"https://www.scopus.com/inward/record.uri?eid=2-s2.0-84894082417&doi=10.1523%2fJNEUROSCI.3619-13.2014&partnerID=40&md5=99f7fa58bbf2c34ee5885f10e34571f6","Cerebellum; Explicit; Implicit; Motor adaptation; Motor learning; Strategy"
2014,"https://www.scopus.com/inward/record.uri?eid=2-s2.0-84893422762&doi=10.1152%2fjn.00457.2013&partnerID=40&md5=4e888d552732d7aecde994ccb8f571ef","COMT; DRD2; Individual differences; Sequence learning; Visuomotor adaptation"
2014,"https://www.scopus.com/inward/record.uri?eid=2-s2.0-84923480761&doi=10.1523%2fJNEUROSCI.5306-13.2014&partnerID=40&md5=efadb208011ed98b1375e8ddea217f82","Consolidation; Mirror reversal; Reaching movements; Sensorimotor adaptation; Skill learning; Visual rotation"
2014,"https://www.scopus.com/inward/record.uri?eid=2-s2.0-84919828566&doi=10.1080%2f00222895.2014.920290&partnerID=40&md5=5aaeca53c754660d47112e16f7ead587","Cognitive representation; Motor learning; Movement direction; Sensorimotor adaptation"
2014,"https://www.scopus.com/inward/record.uri?eid=2-s2.0-84905053906&doi=10.1523%2fJNEUROSCI.0108-14.2014&partnerID=40&md5=47e331a822cf7ddadb2ec675d8c9c753","Action; Motor learning; Perception; Plasticity; Speech"
2014,"https://www.scopus.com/inward/record.uri?eid=2-s2.0-84898912018&doi=10.1007%2fs11357-013-9601-4&partnerID=40&md5=8fd2616d13c287596dabd98f1af6fe22","Ageing; Balance control; Mirror tracing; Sensory gating; Visuomotor conflict"
2014,"https://www.scopus.com/inward/record.uri?eid=2-s2.0-84897021017&doi=10.1007%2fs00221-014-3824-1&partnerID=40&md5=134a9fc0df0e0de03e2ebf9a6b7bd2bd","Motor learning; Neuroimaging; Pointing; Sensorimotor adaptation"
2014,"https://www.scopus.com/inward/record.uri?eid=2-s2.0-84896729034&doi=10.1371%2fjournal.pcbi.1003377&partnerID=40&md5=708cc0183b7f318f1ae1d74238a768c3",
2014,"https://www.scopus.com/inward/record.uri?eid=2-s2.0-84896362956&doi=10.1093%2fcercor%2fbhs312&partnerID=40&md5=d1f7b3d23c69564edfd8984b4a5b1fd2","Adaptation; Posterior intraparietal sulcus; Reactive saccades; Transcranial magnetic stimulation; Voluntary saccades"
2013,"https://www.scopus.com/inward/record.uri?eid=2-s2.0-84890344700&doi=10.1186%2f1471-2377-13-205&partnerID=40&md5=905965a423cd6d4fbb9f3e815ab71336","Astronauts; Bed rest; Cognition; Longitudinal studies; Microgravity; MRI; Neuroimaging; Sensorimotor feedback; Space flight"
2013,"https://www.scopus.com/inward/record.uri?eid=2-s2.0-84890324131&doi=10.1152%2fjn.00112.2013&partnerID=40&md5=5afc61eac6e1106bf39b0701cbd6f405","Calibration; Cue combination; Dynamics; Feedback control; Sensorimotor adaptation"
2013,"https://www.scopus.com/inward/record.uri?eid=2-s2.0-84890055007&doi=10.1037%2fa0032123&partnerID=40&md5=9fdf6a1b32ca11643a58c438caaa907f","Adaptive action control; Modularity; Spatial realignment; Visuomotor adaptation; Visuomotor generalization"
2013,"https://www.scopus.com/inward/record.uri?eid=2-s2.0-84887003661&doi=10.1152%2fjn.00439.2013&partnerID=40&md5=219dcef27f236993b2d258fb881ee935","Motor learning; Perceptual learning; Reaching movement; Sensorimo-tor adaptation"
2013,"https://www.scopus.com/inward/record.uri?eid=2-s2.0-84881489694&doi=10.1007%2fs00221-013-3662-6&partnerID=40&md5=20707745b83e18214e9d62b1e48dca0d","Adaptation; Cerebellum; Saccades; Wallenberg"
2013,"https://www.scopus.com/inward/record.uri?eid=2-s2.0-84914819963&doi=10.12688%2ff1000research.2-215.v1&partnerID=40&md5=830a82621394e1889c59f89e6ea86b0a",
2013,"https://www.scopus.com/inward/record.uri?eid=2-s2.0-84886395039&doi=10.1002%2fmds.25588&partnerID=40&md5=5ab8174fb306f50c94a75fa4007bea4d","Auditory feedback; Parkinson's disease; Sensorimotor adaptation; Speech motor learning; Speech production"
2013,"https://www.scopus.com/inward/record.uri?eid=2-s2.0-84879843706&doi=10.1007%2fs00221-013-3565-6&partnerID=40&md5=f6b007f63490c3be914f11257711e67c","Control theory; Feedback error; Sensitivity derivative; Visual inversion; Visual rotation; Visuomotor learning"
2013,"https://www.scopus.com/inward/record.uri?eid=2-s2.0-84879758383&doi=10.3389%2ffncom.2013.00095&partnerID=40&md5=602f8e9175ed2d8fd8cb93687bb94505","Cerebellar microcomplex; Inverse and forward internal models; Motor control; Procedural adaptation task; Sensorimotor adaptation"
2013,"https://www.scopus.com/inward/record.uri?eid=2-s2.0-84878497144&doi=10.1152%2fjn.00719.2012&partnerID=40&md5=e16a0fb067179f057a541cb39e2ea347","Motor learning; Reaching movement; Somatosensory evoked potential"
2013,"https://www.scopus.com/inward/record.uri?eid=2-s2.0-84880016523&doi=10.3357%2fASEM.3529.2013&partnerID=40&md5=cae885f96e5541b6fc64452f5f0ce3a9","Gait adaptation; Human locomotion; Instability; Perturbation; Sensory discordance"
2013,"https://www.scopus.com/inward/record.uri?eid=2-s2.0-84876321478&doi=10.1111%2fapha.12081&partnerID=40&md5=132125a8ad61965193c278cb2da71031","Anticipatory postural adjustment; Human; Pointing; Prismatic lenses; Sensorimotor adaptation; Voluntary movement"
2013,"https://www.scopus.com/inward/record.uri?eid=2-s2.0-84875439436&doi=10.1371%2fjournal.pone.0060196&partnerID=40&md5=2686ed97248cc477314c228d88c008b1",
2013,"https://www.scopus.com/inward/record.uri?eid=2-s2.0-84882721026&doi=10.1016%2fj.cortex.2012.11.008&partnerID=40&md5=3bd5081765a814e17d7aa3cc94486132","Arm movements; Motor imagery; Prism adaptation; Sensorimotor plasticity"
2013,"https://www.scopus.com/inward/record.uri?eid=2-s2.0-84880048591&doi=10.1123%2fjapa.21.3.272&partnerID=40&md5=1a94da9d04f51820bd6f3762b3f21494","Balance control; Falls in older adults; Postural stability"
2013,"https://www.scopus.com/inward/record.uri?eid=2-s2.0-84879946615&doi=10.1093%2fbrain%2fawt147&partnerID=40&md5=f1f04b36322bc52eb0852b38fd4e76a0","cerebellum; dystonia; plasticity; sensorimotor adaptation; transcranial magnetic stimulation"
2013,"https://www.scopus.com/inward/record.uri?eid=2-s2.0-84874721327&doi=10.1186%2f1471-2202-14-25&partnerID=40&md5=46032641fcd31f12119f1668d0fc1127",
2012,"https://www.scopus.com/inward/record.uri?eid=2-s2.0-84870242870&doi=10.1016%2fj.humov.2011.08.003&partnerID=40&md5=3b81025a2661c9049c36eb5171764a78","Attention; Motor learning; Saccades; Sensorimotor adaptation; Transfer"
2012,"https://www.scopus.com/inward/record.uri?eid=2-s2.0-84864388932&doi=10.1016%2fj.neuropsychologia.2012.06.024&partnerID=40&md5=c55a09c12d360a140fc2f3b4e00c03a2","Adaptation; Motor learning; Repetitive TMS"
2012,"https://www.scopus.com/inward/record.uri?eid=2-s2.0-84864281526&doi=10.1007%2fs00221-012-3150-4&partnerID=40&md5=add276dd5c29f02a2c03f6264a23d23d","Contextual cueing; Motor learning; Sensorimotor adaptation; Visual rotation"
2012,"https://www.scopus.com/inward/record.uri?eid=2-s2.0-84861337021&doi=10.1016%2fj.neuroimage.2012.03.037&partnerID=40&md5=70c5037dff0886cd393876c391fb7b9f","FMRI; Multi-voxel pattern classification; Reactive saccades; Saccadic adaptation; Voluntary saccades"
2012,"https://www.scopus.com/inward/record.uri?eid=2-s2.0-84861524623&doi=10.1109%2fTNSRE.2012.2190827&partnerID=40&md5=ca1d4735ff67d6710ffcd4b870542917","Assistance; linear dynamical systems; robot therapy; state space model; stroke"
2012,"https://www.scopus.com/inward/record.uri?eid=2-s2.0-83755188009&doi=10.1016%2fj.bbr.2011.11.040&partnerID=40&md5=01874705e4bc22d9b3557b0083e8aeca","Cognitive training; Resource depletion; Visuomotor adaptation; Working memory"
2012,"https://www.scopus.com/inward/record.uri?eid=2-s2.0-84856601755&doi=10.1016%2fj.humov.2011.02.007&partnerID=40&md5=5508a712bfa82f29f8a9e322ede5543e","Motor learning; Pointing; Reversed vision; Sensorimotor adaptation"
2012,"https://www.scopus.com/inward/record.uri?eid=2-s2.0-84855550560&doi=10.1016%2fj.alcohol.2011.06.001&partnerID=40&md5=9cd032147797ed8c21c23ce5fbd9ba20","Adaptation; Alcohol; Balance; Body movements; Postural control; Vision"
2012,"https://www.scopus.com/inward/record.uri?eid=2-s2.0-84871285511&doi=10.1007%2fs00221-012-3273-7&partnerID=40&md5=bbf213cd40ea840a7f8505d3ab892262","Cognition; Cognitive representation; Internal model; Sensorimotor adaptation"
2011,"https://www.scopus.com/inward/record.uri?eid=2-s2.0-83055179235&doi=10.1152%2fjn.01008.2010&partnerID=40&md5=1e86d0408f9e89fdc9ab60e30811cd36","Awareness; Motor adaptation; Motor learning; Motor skills; Transfer"
2011,"https://www.scopus.com/inward/record.uri?eid=2-s2.0-82455164089&doi=10.1111%2fj.1460-9568.2011.07889.x&partnerID=40&md5=ac459f8959acad8c3beeb521fb3cc97d","Human; RTMS; Sensorimotor adaptation; Speech production"
2011,"https://www.scopus.com/inward/record.uri?eid=2-s2.0-80053919024&doi=10.1007%2fs00221-011-2723-y&partnerID=40&md5=7cff9ecff8a39f509a1ea2abb37af96b","Adaptation; Motor control; Sensorimotor learning; Vestibular; Visual"
2011,"https://www.scopus.com/inward/record.uri?eid=2-s2.0-80051521856&doi=10.1152%2fjn.00638.2010&partnerID=40&md5=5e26a2db251513505c459e9978db3c47","Adaptation; Auditory feedback; Sensorimotor integration; Somatosensory feedback; Speech motor control"
2011,"https://www.scopus.com/inward/record.uri?eid=2-s2.0-79961130792&doi=10.1044%2f1092-4388%282010%2f10-0162%29&partnerID=40&md5=0df435763a99f796d647da1ce9984fcd","Auditory feedback; Fundamental frequency; Perturbation; Prosody; Sensorimotor adaptation"
2011,"https://www.scopus.com/inward/record.uri?eid=2-s2.0-79960171203&doi=10.1152%2fjn.00081.2011&partnerID=40&md5=52b19bf65692197f3a98528c4b5f07fe","Hand kinematics; Humans; Inertia; Motor control"
2011,"https://www.scopus.com/inward/record.uri?eid=2-s2.0-79959702815&doi=10.1007%2fs00221-011-2722-z&partnerID=40&md5=80e59663f78a17d38dd6eb9ed2fb7550","Audition; Developmental coordination disorder; Reaching; Sensorimotor adaptation; Vision; Visuomotor"
2011,"https://www.scopus.com/inward/record.uri?eid=2-s2.0-79957836018&doi=10.1016%2fj.ridd.2010.12.043&partnerID=40&md5=eaf688afb315dd2bce325a25ca3238c2","Developmental coordination disorder; Heterogeneity; Sensorimotor adaptation; Spatial motor control; Visuomotor"
2011,"https://www.scopus.com/inward/record.uri?eid=2-s2.0-79959337470&doi=10.1152%2fjn.00002.2011&partnerID=40&md5=863167d83ddca4c6ad26b0083848e8bd","Catch trials; Implicit; Reaching; Recalibration; Visuomotor"
2011,"https://www.scopus.com/inward/record.uri?eid=2-s2.0-79958722002&doi=10.1037%2fa0021435&partnerID=40&md5=dfba53907ed24b9c3c84ce33dcb09a9d","Altered auditory feedback; Delayed auditory feedback; Sensorimotor adaptation; Sequencing; Timing"
2011,"https://www.scopus.com/inward/record.uri?eid=2-s2.0-79955874741&doi=10.1016%2fj.humov.2010.10.007&partnerID=40&md5=b387673f3f950660ac4c7d47c41b270e","Kinesthesia; Motor learning; Sensorimotor coordination; Vibration"
2011,"https://www.scopus.com/inward/record.uri?eid=2-s2.0-79953021530&doi=10.1523%2fJNEUROSCI.6079-10.2011&partnerID=40&md5=7bfaad0163bd0d3b85d087f098defa2b",
2011,"https://www.scopus.com/inward/record.uri?eid=2-s2.0-79955133813&doi=10.1152%2fjn.00394.2010&partnerID=40&md5=977b1cd938199c7535a83eb84d1ad489","Forward model; Motor learning; Saccade adaptation"
2011,"https://www.scopus.com/inward/record.uri?eid=2-s2.0-79953658298&doi=10.1371%2fjournal.pcbi.1001096&partnerID=40&md5=d832d938fd779fe026d0b8fb859ddb03",
2011,"https://www.scopus.com/inward/record.uri?eid=2-s2.0-79952427383&doi=10.1007%2fs00221-011-2573-7&partnerID=40&md5=e63b34570ccc8ce9884fd642801822ba","Electroencephalography; Manipulandum; Reaching movements; Sensorimotor adaptation; Upper limb"
2011,"https://www.scopus.com/inward/record.uri?eid=2-s2.0-80052614852&doi=10.1136%2fjnnp.2010.232793&partnerID=40&md5=4149fe8277f6d15fee2a5a93f07434f0",
2010,"https://www.scopus.com/inward/record.uri?eid=2-s2.0-79952735179&doi=10.1007%2fs12311-010-0201-x&partnerID=40&md5=f9300d068111217ebda3b74035e2a301","Adaptation; Cerebellum; Cognitive; Motor control; Motor learning; Reaching"
2010,"https://www.scopus.com/inward/record.uri?eid=2-s2.0-78650917921&doi=10.1152%2fjn.00225.2010&partnerID=40&md5=9ee17260cc7b14aaddd718e23c2f7c4a",
2010,"https://www.scopus.com/inward/record.uri?eid=2-s2.0-77957827738&doi=10.1152%2fjn.00433.2009&partnerID=40&md5=21ac29b7d025300dc26f2fd9af867867",
2010,"https://www.scopus.com/inward/record.uri?eid=2-s2.0-77956376444&doi=10.3357%2fASEM.2608.2010&partnerID=40&md5=aaaa8c82fe91c588b8392e446cf7695e","ISS.; Manual tracking; Motor skills; Multitasking; Sensorimotor adaptation; Spaceflight; Stress"
2010,"https://www.scopus.com/inward/record.uri?eid=2-s2.0-77956196857&doi=10.1007%2fs00221-010-2289-0&partnerID=40&md5=d5ffbf2234c0cc79a5b03680689ac805","Affect; Cognition; Mood; Motor learning; Recalibration; Visuomotor"
2010,"https://www.scopus.com/inward/record.uri?eid=2-s2.0-77951092814&doi=10.1007%2fs00221-009-2076-y&partnerID=40&md5=ce440d8eaaace34e6055164b9ef7df03","3D; Grasping; Human; Kinematics; Reach-to-grasp movements; Sensorimotor transformation"
2010,"https://www.scopus.com/inward/record.uri?eid=2-s2.0-77950338002&doi=10.1016%2fj.humov.2010.02.004&partnerID=40&md5=0d304d430517807ed8a2864de1570c9b","Motor learning; Pointing; Reversed vision; Sensorimotor adaptation"
2010,"https://www.scopus.com/inward/record.uri?eid=2-s2.0-77950337891&doi=10.1016%2fj.humov.2010.02.002&partnerID=40&md5=929b7f7635e56e4e71fbc1df32df50c5","Motor learning; Sensorimotor adaptation; Transfer"
2010,"https://www.scopus.com/inward/record.uri?eid=2-s2.0-75949117201&doi=10.1121%2f1.3272633&partnerID=40&md5=cbb6b6006e63f137b0a492e6d2f3a3a4",
2010,"https://www.scopus.com/inward/record.uri?eid=2-s2.0-84858064950&doi=10.3389%2fneuro.09.065.2009&partnerID=40&md5=cad80cf300b3d0576cd65f49bb7366df","Adaptation; Arm-reaching movements; Consolidation; Force field; Interference; Visuomotor rotation"
2010,"https://www.scopus.com/inward/record.uri?eid=2-s2.0-79952198885&doi=10.1121%2f1.3479539&partnerID=40&md5=94998870feba47ed223389ef20d1d3f9",
2010,"https://www.scopus.com/inward/record.uri?eid=2-s2.0-77958550605&doi=10.1371%2fjournal.pone.0012975&partnerID=40&md5=05470df6f7e4e1c430088946be6a91cc",
2009,"https://www.scopus.com/inward/record.uri?eid=2-s2.0-73949105828&doi=10.1073%2fpnas.0907032106&partnerID=40&md5=7bc85bc1bcbf0352157b57e05a98a56c","Sensorimotor adaptation; Speech perception; Speech production"
2009,"https://www.scopus.com/inward/record.uri?eid=2-s2.0-70349284503&doi=10.1152%2fjn.00063.2009&partnerID=40&md5=6b936b1018970e6803b31d701808a300",
2009,"https://www.scopus.com/inward/record.uri?eid=2-s2.0-65649144237&doi=10.1152%2fjn.90898.2008&partnerID=40&md5=307a2e652144c4301621d2b324df6c5e",
2009,"https://www.scopus.com/inward/record.uri?eid=2-s2.0-65449167301&doi=10.1167%2f9.4.27&partnerID=40&md5=d6db3a42f7775b4ee95824eac8915f69","Adaptation; Color; Sensorimotor learning; Sensory integration"
2009,"https://www.scopus.com/inward/record.uri?eid=2-s2.0-59849122624&doi=10.1007%2fs00221-008-1607-2&partnerID=40&md5=41a33fbb3ea0a58a1b658bba9fc7621c","Ataxia; Cerebellum; Motor learning; Pointing; Sensorimotor coordination"
2009,"https://www.scopus.com/inward/record.uri?eid=2-s2.0-59849099569&doi=10.1007%2fs00221-008-1630-3&partnerID=40&md5=d5451ddbd2a2b746ee82a57cf9f8de33","Auditory; Human; Internal model; Sensorimotor adaptation; Sensory integration; Visuo-motor"
2009,"https://www.scopus.com/inward/record.uri?eid=2-s2.0-57649220017&doi=10.1016%2fj.physbeh.2008.09.002&partnerID=40&md5=1b6ce54e11432f083ee04f344e9c63a9","Cortical activation; EEG; Exercise; Exhaustion; Sensorimotor adaptation; Tracking"
2009,"https://www.scopus.com/inward/record.uri?eid=2-s2.0-58149295109&doi=10.1113%2fjphysiol.2008.159459&partnerID=40&md5=447934ac13e02cd0e4c7018c8ea1a34e",
2008,"https://www.scopus.com/inward/record.uri?eid=2-s2.0-58849160116&doi=10.3171%2fSPI.2008.10.0831&partnerID=40&md5=0e22fe7a087a6cab875c152648afcd64","Cervical spondylotic myelopathy; Functional magnetic resonance imaging; Motor cortex; Rehabilitation; Spinal cord injury; Surgical decompression"
2008,"https://www.scopus.com/inward/record.uri?eid=2-s2.0-49749099598&doi=10.1007%2fs00221-008-1472-z&partnerID=40&md5=8b86bf6c338761c5c272c97053d5b0d4","Handedness; Learning; Motor; Sensorimotor adaptation; Sequence learning; Transfer"
2008,"https://www.scopus.com/inward/record.uri?eid=2-s2.0-38849112663&doi=10.1007%2fs00221-007-1147-1&partnerID=40&md5=07490fd6ecd83434858c8119f1e263a2","Dopamine; Levodopa; Movement; Neuropsychology; Perception; Procedural learning; Striatum"
2008,"https://www.scopus.com/inward/record.uri?eid=2-s2.0-38349194543&doi=10.1007%2fs00221-007-1124-8&partnerID=40&md5=f18cbe1be44aa658d1115cd4c5937a87",
2008,"https://www.scopus.com/inward/record.uri?eid=2-s2.0-52949099883&doi=10.1093%2fgeronb%2f63.5.P295&partnerID=40&md5=e6d2ab34cd4c7753d86a56f89c60961c","Functional mobility; Motor mismatch; Perceptual; Sensorimotor adaptation"
2008,"https://www.scopus.com/inward/record.uri?eid=2-s2.0-51849158195&doi=10.3200%2fJMBR.40.5.368-379&partnerID=40&md5=a166d0a250483727cd5e0948eac145ee","Adaptation; Feedback; Motor learning; Perception-action coupling"
2008,"https://www.scopus.com/inward/record.uri?eid=2-s2.0-38549111831&doi=10.1016%2fj.visres.2007.10.029&partnerID=40&md5=3b6652979d3bd77ff5a6f61e4634336d","Adaptation; Gaze; Head-unrestrained; Human"
2008,"https://www.scopus.com/inward/record.uri?eid=2-s2.0-37449014289&doi=10.1007%2fs00221-007-1213-8&partnerID=40&md5=f182570056127f3c8fa56efb3902f7ed","Learning; Memory; Motor; Movement; Sequence"
2007,"https://www.scopus.com/inward/record.uri?eid=2-s2.0-36549005049&doi=10.1016%2fj.brainres.2007.09.088&partnerID=40&md5=3212513c44b5403a7ac7aea1226fd5cc","fMRI; Intermanual transfer; Motor learning; Visuomotor adaptation"
2007,"https://www.scopus.com/inward/record.uri?eid=2-s2.0-34848828488&doi=10.1121%2f1.2773966&partnerID=40&md5=b26ee850a1edb39a29c6c4c721231d9b",
2007,"https://www.scopus.com/inward/record.uri?eid=2-s2.0-34548707070&doi=10.1152%2fjn.00196.2007&partnerID=40&md5=176439e708728696be331922222a0a94",
2007,"https://www.scopus.com/inward/record.uri?eid=2-s2.0-34447320737&doi=10.1007%2fs00221-007-0929-9&partnerID=40&md5=01aee770977d83afcab32eec29b25648","Balance control; Cognitive adaptation; Predictive control; Temporal delay"
2007,"https://www.scopus.com/inward/record.uri?eid=2-s2.0-34547911080&doi=10.3200%2fJMBR.39.4.247-258&partnerID=40&md5=279da5dc83a9f4417289cb796e038bb8","Cognition; Knowledge of results; Motor learning; Sensory feedback"
2007,"https://www.scopus.com/inward/record.uri?eid=2-s2.0-34147125970&doi=10.1007%2fs00221-007-0925-0&partnerID=40&md5=dc40faac3202bb6a5466a3dda95a8586","Constant practice; Generalization; Knowledge transfer; Motor learning; Procedural knowledge"
2007,"https://www.scopus.com/inward/record.uri?eid=2-s2.0-33947331514&doi=10.1007%2fs00221-006-0738-6&partnerID=40&md5=a296921db7d8f804ccf9045ea0a9e6cb",
2007,"https://www.scopus.com/inward/record.uri?eid=2-s2.0-33846958798&doi=10.1007%2fs00221-006-0658-5&partnerID=40&md5=07578bba9b074e6bd927abc38740b222","Muscle spindle; Proprioception; Vibration; Vision; Visuomotor adaptation"
2006,"https://www.scopus.com/inward/record.uri?eid=2-s2.0-33749534833&doi=10.1016%2fj.neulet.2006.07.072&partnerID=40&md5=f6425ff88924081ac73c32384cce2b0e","Centrifugal force; Coriolis force; Generalization; Proprioception; Sensorimotor adaptation"
2006,"https://www.scopus.com/inward/record.uri?eid=2-s2.0-33750355308&doi=10.1007%2fs00221-006-0571-y&partnerID=40&md5=715b141dfd8efa29fe23c331b604f1ce","Adaptation; Basal ganglia; Motor learning; Spatial processing"
2006,"https://www.scopus.com/inward/record.uri?eid=2-s2.0-33749259816&doi=10.1016%2fj.brainresbull.2006.06.008&partnerID=40&md5=f7db8c9de8483850cd1e5a76f345143f","Adaptation; Aging; Elderly; Motor learning; Sequence learning"
2006,"https://www.scopus.com/inward/record.uri?eid=2-s2.0-33748479149&doi=10.1007%2fs00221-006-0446-2&partnerID=40&md5=308361f9b9805fb67c17bdb9a2928885","Aftereffects; Falls; Fear; Locomotion; Motor adaptation"
2006,"https://www.scopus.com/inward/record.uri?eid=2-s2.0-33748343174&doi=10.1007%2fs00221-006-0417-7&partnerID=40&md5=6123962bc7d9a9bf6fc104d1bba5e74b","Deafferentation; Manual pointing; Motor learning; Proprioception; Vibration"
2006,"https://www.scopus.com/inward/record.uri?eid=2-s2.0-33747096304&doi=10.1007%2fs00221-006-0394-x&partnerID=40&md5=71622ad486e25c44a191210c81849476","Adaptation; Grasping; Learning; Psychomotor performance; Reaching"
2006,"https://www.scopus.com/inward/record.uri?eid=2-s2.0-33745889005&doi=10.1212%2f01.wnl.0000219614.33171.01&partnerID=40&md5=7fe64bea5ceebf61e374c3f91383608d",
2006,"https://www.scopus.com/inward/record.uri?eid=2-s2.0-33744945554&doi=10.1016%2fj.humov.2005.12.003&partnerID=40&md5=92a7c7c639d6140ea144767322bf3be4","Adaptation; Arm motor performance; Visual feedback"
2006,"https://www.scopus.com/inward/record.uri?eid=2-s2.0-33646458837&doi=10.1097%2f01.opx.0000214298.73085.b5&partnerID=40&md5=556922f4c7f2315fb83e923be3c3869e","Acquired brain injury; Corrective lenses; Motor adaptation; Perceptual adaptation; Yoked prisms"
2006,"https://www.scopus.com/inward/record.uri?eid=2-s2.0-33645226975&doi=10.1523%2fJNEUROSCI.3898-05.2006&partnerID=40&md5=fe88739df54a5bd322b455896a022015","Human; Learning; Premotor cortex; Sensorimotor adaptation; TMS; Training"
2006,"https://www.scopus.com/inward/record.uri?eid=2-s2.0-33644822415&doi=10.1007%2fs00221-005-0153-4&partnerID=40&md5=01e42815a6332bbd25ab96fdfb564dac","Aftereffects; Aging; Humans; Plasticity; Recalibration; Strategic control"
2006,"https://www.scopus.com/inward/record.uri?eid=2-s2.0-33644776497&doi=10.1167%2f6.2.5&partnerID=40&md5=0306e57aee00a019bc65748cd1ab240b","Adaptation; Color; Eye movements; Sensorimotor"
2006,"https://www.scopus.com/inward/record.uri?eid=2-s2.0-33748543926&doi=10.1152%2fjn.00104.2006&partnerID=40&md5=74f888a4b21217353702c6075eb07649",
2005,"https://www.scopus.com/inward/record.uri?eid=2-s2.0-28044434158&doi=10.1523%2fJNEUROSCI.0164-05.2005&partnerID=40&md5=d8f08864d2345a3eb548ef39119483b9","Extracellular; Monkeys; Motor cortex; Motor learning; Plasticity; Unsupervised clustering; Visuomotor rotations"
2005,"https://www.scopus.com/inward/record.uri?eid=2-s2.0-23044513563&doi=10.1007%2fs00221-005-2263-4&partnerID=40&md5=40aa043d774624eb8f21f3ff45616e05","Reaching movement; Sensorimotor transformation; Spatial updating; Vestibular signals; Whole-body rotation"
2005,"https://www.scopus.com/inward/record.uri?eid=2-s2.0-18844403192&doi=10.1007%2fs00221-005-2231-z&partnerID=40&md5=42c0fe9d8d7bec89aa712f130cf6f466","Adaptation; Distributed practice; Humans; Massed practice; Motor learning; Sensorimotor integration"
2005,"https://www.scopus.com/inward/record.uri?eid=2-s2.0-12544253978&doi=10.1152%2fjn.00859.2004&partnerID=40&md5=808ae2dbfeaff98050606e0b61dd1c72",
2005,"https://www.scopus.com/inward/record.uri?eid=2-s2.0-17844379752&doi=10.1123%2fmcj.9.1.40&partnerID=40&md5=0eca9b1214be9508e3f0763d4ac1adac","Direction; Motor learning; Position; Sensorimotor adaptation"
2005,"https://www.scopus.com/inward/record.uri?eid=2-s2.0-15044353653&doi=10.1016%2fj.bandc.2004.09.001&partnerID=40&md5=285ae03b2ec709bae4b4a43626d06b42","Attention; Cognitive control; Planning; Sensorimotor adaptation; Visuomotor mapping; Voluntary movement"
2005,"https://www.scopus.com/inward/record.uri?eid=2-s2.0-12144280839&doi=10.1007%2fs00221-004-2133-5&partnerID=40&md5=4ff506abf37a049330a95c3413aa584c","Aging; Manual pointing; Manual tracking; Motor learning; Transfer"
2004,"https://www.scopus.com/inward/record.uri?eid=2-s2.0-5444270048&doi=10.1523%2fJNEUROSCI.2214-04.2004&partnerID=40&md5=df9f7398709eb760b361df0ba8481306","Arm movement; Force field; Internal models; Motor learning; Retrograde interference; Visuomotor rotation"
2004,"https://www.scopus.com/inward/record.uri?eid=2-s2.0-2542555123&doi=10.1101%2flm.71804&partnerID=40&md5=062823cfb9990cc81e06b8498ea1cc48",
2004,"https://www.scopus.com/inward/record.uri?eid=2-s2.0-2342434186&doi=10.1097%2f00129492-200401000-00011&partnerID=40&md5=3c7e31f87d1142d3aa67ca05bfa39acb","Adaptation; Astronaut; Balance; Elderly; Plasticity; Posturography; Space flight"
2003,"https://www.scopus.com/inward/record.uri?eid=2-s2.0-0347384018&partnerID=40&md5=73a46b853d0eb0be31b442b4326cf409","Adaptation; Dual-task interference; Parabolic flight; Resources; Workload"
2003,"https://www.scopus.com/inward/record.uri?eid=2-s2.0-0042663963&doi=10.1007%2fs00221-003-1553-y&partnerID=40&md5=98bd17b814fd4658b0b519ae727d39b7","Distributed learning; Interference; Kinematics; Motor learning; Sensorimotor integration; Sequential adaptation"
2003,"https://www.scopus.com/inward/record.uri?eid=2-s2.0-0037213652&doi=10.1007%2fs00221-002-1317-0&partnerID=40&md5=4598e96f8ef443531b4014dd29a25ebe","Manual pointing; Manual tracking; Motor learning; Sensorimotor adaptation; Transfer"
2002,"https://www.scopus.com/inward/record.uri?eid=2-s2.0-0141651810&partnerID=40&md5=9edf720b7ec340a5b8d80ebb40d78c7a","Arm; Artificial gravity; Coriolis force; Disorientation; Head; Motion sickness; Sensorimotor; Vestibular"
2002,"https://www.scopus.com/inward/record.uri?eid=2-s2.0-0036387262&doi=10.1007%2fs00221-002-1238-y&partnerID=40&md5=5f5a612b1be78f47511ea22a81b3027c","Cerebellum; Locomotion; Podokinetic; Sensorimotor adaptation"
2002,"https://www.scopus.com/inward/record.uri?eid=2-s2.0-0036268265&doi=10.1007%2fs00221-002-1097-6&partnerID=40&md5=cc0ba7f46e1dae5d22592f320e42f5d9","Attention; Experience dependent plasticity; Mental rotation; Motor imagery; Posterior parietal lobule; Sensorimotor adaptation"
2002,"https://www.scopus.com/inward/record.uri?eid=2-s2.0-0037076216&doi=10.1016%2fS0960-9822%2802%2900836-9&partnerID=40&md5=77cb7849fff8fdb2468988fce3b8404d",
2002,"https://www.scopus.com/inward/record.uri?eid=2-s2.0-0036199163&doi=10.1007%2fs00221-001-0982-8&partnerID=40&md5=ad3876eb4e6290354d18e8c2293cf7d3","Development; Human; Motor control; Motor learning; Sensorimotor adaptation"
2002,"https://www.scopus.com/inward/record.uri?eid=2-s2.0-0036147476&doi=10.1016%2fS0197-4580%2801%2900264-0&partnerID=40&md5=cf169023613bd5ef743b656c4a21a243","Aging; Multilevel analysis; Neural plasticity; Prisms; Sensorimotor adaptation; Visual-motor rearrangement; Visuo-motor plasticity"
2002,"https://www.scopus.com/inward/record.uri?eid=2-s2.0-0036858059&doi=10.1016%2fS0149-7634%2802%2900063-5&partnerID=40&md5=44f35b6f5fd8fea8ce54aad589fd6cf4","Aging; Consolidation; Internal models; Manual tracking; Sensorimotor adaptation; Sequential adaptation; Strategic processing; Workload"
2002,"https://www.scopus.com/inward/record.uri?eid=2-s2.0-0036223857&doi=10.1044%2f1092-4388%282002%2f023%29&partnerID=40&md5=67d65260fc4b871ac9a954e21d21e86f","Adaptation; Articulation; Hearing; Perception; Speech"
2001,"https://www.scopus.com/inward/record.uri?eid=2-s2.0-0035746023&partnerID=40&md5=8e20bd12e10878be39f86ceadb101d67","Antagonist co-activation; Chronic electromyography; Force estimation; Microgravity; Motor control; Space flight"
2001,"https://www.scopus.com/inward/record.uri?eid=2-s2.0-0034784579&doi=10.1007%2fs002210100846&partnerID=40&md5=fa61e1634d5d46cd7102144aba3c5d57","Adaptation; Discordance; Manual tracking; Mental rotation; Motor learning"
2001,"https://www.scopus.com/inward/record.uri?eid=2-s2.0-0034911484&doi=10.1007%2fs002210100768&partnerID=40&md5=964e774525e71df01e3a1222bdcf3d38","Adaptation; Discordance; Manual tracking; Mental rotation; Motor learning"
2001,"https://www.scopus.com/inward/record.uri?eid=2-s2.0-0035009474&doi=10.1007%2fs002210100704&partnerID=40&md5=86349e3a5f2dbf1312cf985e20a19ebc","Humans; Motor learning; Sensorimotor adaptation; Sensorimotor integration; Tracking"
2001,"https://www.scopus.com/inward/record.uri?eid=2-s2.0-0035512458&doi=10.1111%2f1467-9280.d01-17&partnerID=40&md5=b3a06ae5bf1c890b6208b52932ebb556",
2001,"https://www.scopus.com/inward/record.uri?eid=2-s2.0-0035495009&doi=10.1017%2fS0140525X01000115&partnerID=40&md5=0aca56f715194993ee322fa45077f358","Action; Change blindness; Consciousness; Experience; Perception; Qualia; Sensation; Sensorimotor"
2001,"https://www.scopus.com/inward/record.uri?eid=2-s2.0-0035168981&doi=10.1152%2fjappl.2001.90.1.205&partnerID=40&md5=087b7bdc51c53aab204df688df2f0553","Motion analysis; Motor control; Posture; Sensorimotor adaptation"
2000,"https://www.scopus.com/inward/record.uri?eid=2-s2.0-0037984021&partnerID=40&md5=5fdf9edc1fa84aca69c7750163e3bc29",
2000,"https://www.scopus.com/inward/record.uri?eid=2-s2.0-0034000271&doi=10.1007%2fs002219900325&partnerID=40&md5=37b0320f62fe073ce65c8f2169ce9fda","Force control; Grip force; Human; Hypergravity; Microgravity; Parabolic flight; Sensorimotor adaptation; Weightlessness"
1999,"https://www.scopus.com/inward/record.uri?eid=2-s2.0-0032840170&doi=10.1007%2fs002210050862&partnerID=40&md5=15553ac6e16e95c59e5019e4fc1167ac","Life science; Long-term space flights; Microgravity; Posture; Three-dimensional motion analysis"
1999,"https://www.scopus.com/inward/record.uri?eid=2-s2.0-27544494842&doi=10.1007%2fBF02515095&partnerID=40&md5=da93f4c199fa31f86998ef14cff997bc",
1998,"https://www.scopus.com/inward/record.uri?eid=2-s2.0-0032549097&doi=10.1126%2fscience.279.5354.1213&partnerID=40&md5=c1cb9fb81e97d51d098972dc63c0b5d2",
1998,"https://www.scopus.com/inward/record.uri?eid=2-s2.0-0040759188&doi=10.1162%2f105474698565703&partnerID=40&md5=c520ae75b567760fc16c980c5ecc26de",
1997,"https://www.scopus.com/inward/record.uri?eid=2-s2.0-0030885992&partnerID=40&md5=768e7113e1152d4fe47c15fe36832169",
1996,"https://www.scopus.com/inward/record.uri?eid=2-s2.0-0029859969&doi=10.1038%2f383618a0&partnerID=40&md5=ac7b4ae7af5d4917a025d291e58ff053",
1995,"https://www.scopus.com/inward/record.uri?eid=2-s2.0-0029420755&partnerID=40&md5=43252d9e23d58bfcf9fd88e9b4c14359",
